version,mixer_method,mean_best_P_valid,median_best_P_valid,cases
V4,local_geometric,0.9067172066860966,0.9257539434571354,10
V5,local_geometric,0.9224599106096681,0.932687907000325,10
V4,linear_valid,0.8687143672604906,0.9099217955310224,10
V5,linear_valid,0.9105792619676134,0.932687907000325,10
V4,rx_all,0.7938050486737736,0.8109325948011797,10
V5,rx_all,0.8271455550585077,0.8588002876498343,10
